Accuracy,Precision,Recall,F1-Score,ROC-AUC,True Negatives,False Positives,False Negatives,True Positives
0.9244984160506864,0.9227053140096618,0.9381139489194499,0.9303458353628836,0.9739450170896466,796,80,63,955
