Accuracy,Precision,Recall,F1-Score,ROC-AUC,True Negatives,False Positives,False Negatives,True Positives
0.9197465681098205,0.9069548872180451,0.9479371316306483,0.9269932756964457,0.9730944595455321,777,99,53,965
