Accuracy,Precision,Recall,F1-Score,ROC-AUC,True Negatives,False Positives,False Negatives,True Positives
0.8830409356725146,0.8770949720670391,0.8971428571428571,0.8870056497175142,0.9576390076988879,145,22,18,157
