Median Threshold (Filtered),Accuracy,Precision,Recall,F1-Score,ROC-AUC,True Negatives,False Positives,False Negatives,True Positives
0.4500061284523512,0.9387357282094124,0.9428313871475948,0.9440399922345175,0.9429915485945296,0.9743660325718171,81.7,5.9,5.7,96.1
