Threshold,F1_Score
0.2849246231155779,0.9332706766917294
