Median Threshold (Filtered),Accuracy,Precision,Recall,F1-Score,ROC-AUC,True Negatives,False Positives,False Negatives,True Positives
0.477940177281162,0.9392787524366473,0.9420053462258176,0.9459813628421665,0.9436114668677821,0.9745241144296986,81.6,6.0,5.5,96.3
