Threshold,F1_Score
0.477889447236181,0.9298162976919453
