Median Threshold (Filtered),Accuracy,Precision,Recall,F1-Score,ROC-AUC,True Negatives,False Positives,False Negatives,True Positives
0.5999937577053339,0.9210526315789473,0.9252873563218391,0.92,0.9226361031518625,0.9687938408896493,154,13,14,161
