Threshold,F1_Score
0.6949748743718593,0.9425028184892896
