Threshold,F1_Score
0.4859296482412061,0.9436069235064211
