Accuracy,Precision,Recall,F1-Score,ROC-AUC,True Negatives,False Positives,False Negatives,True Positives
0.8538011695906432,0.8019323671497585,0.9485714285714286,0.8691099476439791,0.943781009409752,126,41,9,166
