Threshold,F1_Score
0.7432160804020101,0.9467190128996074
