modelo_id,Model01,Model02,Model03,Model04,Model05
Model01,0.0,0.008775937559489789,0.024243289548829306,0.027127355796687614,0.02913573196268804
Model02,0.008775937559489789,0.0,0.0232914525033315,0.026270702455739557,0.028183894917190234
Model03,0.024243289548829306,0.0232914525033315,0.0,0.012668951075575818,0.010717685132305333
Model04,0.027127355796687614,0.026270702455739557,0.012668951075575818,0.0,0.015600609175709046
Model05,0.02913573196268804,0.028183894917190234,0.010717685132305333,0.015600609175709046,0.0
