modelo_id,Model01,Model02,Model03,Model04,Model05
Model01,0.0,0.00881638601036271,0.01762467616580309,0.01606487478411055,0.016588406735751248
Model02,0.00881638601036271,0.0,0.015025906735751327,0.01451316925734023,0.016062176165803098
Model03,0.01762467616580309,0.015025906735751327,0.0,0.00984995682210712,0.008290155440414514
Model04,0.01606487478411055,0.01451316925734023,0.00984995682210712,0.0,0.0067411485319516466
Model05,0.016588406735751248,0.016062176165803098,0.008290155440414514,0.0067411485319516466,0.0
