modelo_id,Model01,Model02,Model03,Model04,Model05
Model01,0.0,0.00795391770398347,0.016464098889540812,0.016096794074601694,0.015282107161525726
Model02,0.00795391770398347,0.0,0.01581982974194337,0.015210249444635305,0.015645515618539597
Model03,0.016464098889540812,0.01581982974194337,0.0,0.008249361892046437,0.007211243012988244
Model04,0.016096794074601694,0.015210249444635305,0.008249361892046437,0.0,0.006336614907833516
Model05,0.015282107161525726,0.015645515618539597,0.007211243012988244,0.006336614907833516,0.0
