Accuracy,Precision,Recall,F1-Score,ROC-AUC,True Negatives,False Positives,False Negatives,True Positives
0.9313621964097148,0.9157303370786517,0.9607072691552063,0.9376797698945349,0.9738951162185682,786,90,40,978
