Accuracy,Precision,Recall,F1-Score,ROC-AUC,True Negatives,False Positives,False Negatives,True Positives
0.9035087719298246,0.927710843373494,0.88,0.9032258064516129,0.9639007698887939,155,12,21,154
