Accuracy,Precision,Recall,F1-Score,ROC-AUC,True Negatives,False Positives,False Negatives,True Positives
0.9093567251461988,0.9444444444444444,0.8742857142857143,0.9080118694362018,0.9693071000855431,158,9,22,153
