Threshold,F1_Score
0.7150753768844221,0.9496824621397167
