Accuracy,Precision,Recall,F1-Score,ROC-AUC,True Negatives,False Positives,False Negatives,True Positives
0.8753959873284055,0.9546511627906977,0.806483300589391,0.8743343982960596,0.9571682320962401,837,39,197,821
