Threshold,F1_Score
0.6185929648241206,0.94366982710541
